item_code,item_type,name,category,subcategory,list_price,duration_minutes,availability_flag,suitability_flags,approved_facts,status
ITM-0001,PRODUCT,Daily Cleanser 01,PERSONAL_CARE,RETAIL_GOODS,211359,,True,"[""retail"",""all_branches""]","{""item_type"":""retail_product"",""currency"":""IDR"",""size_ml"":100}",ACTIVE
ITM-0002,PRODUCT,Hydrating Lotion 01,HAIR_CARE,RETAIL_GOODS,82151,,True,"[""retail"",""all_branches""]","{""item_type"":""retail_product"",""currency"":""IDR"",""size_ml"":250}",ACTIVE
ITM-0003,PRODUCT,Hair Shampoo 01,ACCESSORIES,RETAIL_GOODS,123402,,True,"[""retail"",""all_branches""]","{""item_type"":""retail_product"",""currency"":""IDR"",""size_ml"":250}",ACTIVE
ITM-0004,PRODUCT,Hair Conditioner 01,NAIL_CARE,RETAIL_GOODS,507078,,True,"[""retail"",""all_branches""]","{""item_type"":""retail_product"",""currency"":""IDR"",""size_ml"":100}",ACTIVE
ITM-0005,PRODUCT,Body Wash 01,PERSONAL_CARE,RETAIL_GOODS,53795,,True,"[""retail"",""all_branches""]","{""item_type"":""retail_product"",""currency"":""IDR"",""size_ml"":100}",ACTIVE
ITM-0006,PRODUCT,Hand Cream 01,HAIR_CARE,RETAIL_GOODS,200613,,True,"[""retail"",""all_branches""]","{""item_type"":""retail_product"",""currency"":""IDR"",""size_ml"":150}",ACTIVE
ITM-0007,PRODUCT,Sunscreen Lotion 01,ACCESSORIES,RETAIL_GOODS,282466,,True,"[""retail"",""all_branches""]","{""item_type"":""retail_product"",""currency"":""IDR"",""size_ml"":150}",ACTIVE
ITM-0008,PRODUCT,Lip Balm 01,NAIL_CARE,RETAIL_GOODS,502675,,True,"[""retail"",""all_branches""]","{""item_type"":""retail_product"",""currency"":""IDR"",""size_ml"":250}",ACTIVE
ITM-0009,PRODUCT,Hair Serum 01,PERSONAL_CARE,RETAIL_GOODS,475656,,False,"[""retail"",""all_branches""]","{""item_type"":""retail_product"",""currency"":""IDR"",""size_ml"":50}",ACTIVE
ITM-0010,PRODUCT,Body Lotion 01,HAIR_CARE,RETAIL_GOODS,156190,,True,"[""retail"",""all_branches""]","{""item_type"":""retail_product"",""currency"":""IDR"",""size_ml"":150}",ACTIVE
ITM-0011,PRODUCT,Face Towel 01,ACCESSORIES,RETAIL_GOODS,91897,,True,"[""retail"",""all_branches""]","{""item_type"":""retail_product"",""currency"":""IDR"",""size_ml"":250}",ACTIVE
ITM-0012,PRODUCT,Travel Pouch 01,NAIL_CARE,RETAIL_GOODS,370286,,True,"[""retail"",""all_branches""]","{""item_type"":""retail_product"",""currency"":""IDR"",""size_ml"":100}",ACTIVE
ITM-0013,PRODUCT,Comb 01,PERSONAL_CARE,RETAIL_GOODS,385200,,True,"[""retail"",""all_branches""]","{""item_type"":""retail_product"",""currency"":""IDR"",""size_ml"":150}",ACTIVE
ITM-0014,PRODUCT,Nail Care Set 01,HAIR_CARE,RETAIL_GOODS,121672,,False,"[""retail"",""all_branches""]","{""item_type"":""retail_product"",""currency"":""IDR"",""size_ml"":100}",ACTIVE
ITM-0015,PRODUCT,Reusable Bottle 01,ACCESSORIES,RETAIL_GOODS,558748,,True,"[""retail"",""all_branches""]","{""item_type"":""retail_product"",""currency"":""IDR"",""size_ml"":100}",ACTIVE
ITM-0016,PRODUCT,Daily Cleanser 02,NAIL_CARE,RETAIL_GOODS,113273,,True,"[""retail"",""all_branches""]","{""item_type"":""retail_product"",""currency"":""IDR"",""size_ml"":50}",ACTIVE
ITM-0017,PRODUCT,Hydrating Lotion 02,PERSONAL_CARE,RETAIL_GOODS,261082,,True,"[""retail"",""all_branches""]","{""item_type"":""retail_product"",""currency"":""IDR"",""size_ml"":50}",ACTIVE
ITM-0018,PRODUCT,Hair Shampoo 02,HAIR_CARE,RETAIL_GOODS,603322,,True,"[""retail"",""all_branches""]","{""item_type"":""retail_product"",""currency"":""IDR"",""size_ml"":250}",ACTIVE
ITM-0019,PRODUCT,Hair Conditioner 02,ACCESSORIES,RETAIL_GOODS,608078,,True,"[""retail"",""all_branches""]","{""item_type"":""retail_product"",""currency"":""IDR"",""size_ml"":250}",ACTIVE
ITM-0020,PRODUCT,Body Wash 02,NAIL_CARE,RETAIL_GOODS,390161,,True,"[""retail"",""all_branches""]","{""item_type"":""retail_product"",""currency"":""IDR"",""size_ml"":250}",ACTIVE
ITM-0021,PRODUCT,Hand Cream 02,PERSONAL_CARE,RETAIL_GOODS,319691,,True,"[""retail"",""all_branches""]","{""item_type"":""retail_product"",""currency"":""IDR"",""size_ml"":150}",ACTIVE
ITM-0022,PRODUCT,Sunscreen Lotion 02,HAIR_CARE,RETAIL_GOODS,285596,,True,"[""retail"",""all_branches""]","{""item_type"":""retail_product"",""currency"":""IDR"",""size_ml"":150}",ACTIVE
ITM-0023,PRODUCT,Lip Balm 02,ACCESSORIES,RETAIL_GOODS,43823,,True,"[""retail"",""all_branches""]","{""item_type"":""retail_product"",""currency"":""IDR"",""size_ml"":100}",ACTIVE
ITM-0024,PRODUCT,Hair Serum 02,NAIL_CARE,RETAIL_GOODS,478620,,True,"[""retail"",""all_branches""]","{""item_type"":""retail_product"",""currency"":""IDR"",""size_ml"":100}",ACTIVE
ITM-0025,PRODUCT,Body Lotion 02,PERSONAL_CARE,RETAIL_GOODS,504743,,True,"[""retail"",""all_branches""]","{""item_type"":""retail_product"",""currency"":""IDR"",""size_ml"":50}",ACTIVE
ITM-0026,PRODUCT,Face Towel 02,HAIR_CARE,RETAIL_GOODS,56509,,True,"[""retail"",""all_branches""]","{""item_type"":""retail_product"",""currency"":""IDR"",""size_ml"":250}",ACTIVE
ITM-0027,PRODUCT,Travel Pouch 02,ACCESSORIES,RETAIL_GOODS,215651,,True,"[""retail"",""all_branches""]","{""item_type"":""retail_product"",""currency"":""IDR"",""size_ml"":100}",ACTIVE
ITM-0028,PRODUCT,Comb 02,NAIL_CARE,RETAIL_GOODS,365250,,True,"[""retail"",""all_branches""]","{""item_type"":""retail_product"",""currency"":""IDR"",""size_ml"":50}",DISCONTINUED
ITM-0029,PRODUCT,Nail Care Set 02,PERSONAL_CARE,RETAIL_GOODS,626092,,True,"[""retail"",""all_branches""]","{""item_type"":""retail_product"",""currency"":""IDR"",""size_ml"":50}",ACTIVE
ITM-0030,PRODUCT,Reusable Bottle 02,HAIR_CARE,RETAIL_GOODS,176383,,True,"[""retail"",""all_branches""]","{""item_type"":""retail_product"",""currency"":""IDR"",""size_ml"":250}",ACTIVE
ITM-0031,PRODUCT,Daily Cleanser 03,ACCESSORIES,RETAIL_GOODS,620115,,True,"[""retail"",""all_branches""]","{""item_type"":""retail_product"",""currency"":""IDR"",""size_ml"":150}",ACTIVE
ITM-0032,PRODUCT,Hydrating Lotion 03,NAIL_CARE,RETAIL_GOODS,120510,,False,"[""retail"",""all_branches""]","{""item_type"":""retail_product"",""currency"":""IDR"",""size_ml"":100}",ACTIVE
ITM-0033,PRODUCT,Hair Shampoo 03,PERSONAL_CARE,RETAIL_GOODS,513973,,True,"[""retail"",""all_branches""]","{""item_type"":""retail_product"",""currency"":""IDR"",""size_ml"":50}",ACTIVE
ITM-0034,PRODUCT,Hair Conditioner 03,HAIR_CARE,RETAIL_GOODS,545154,,True,"[""retail"",""all_branches""]","{""item_type"":""retail_product"",""currency"":""IDR"",""size_ml"":250}",ACTIVE
ITM-0035,PRODUCT,Body Wash 03,ACCESSORIES,RETAIL_GOODS,100674,,True,"[""retail"",""all_branches""]","{""item_type"":""retail_product"",""currency"":""IDR"",""size_ml"":250}",ACTIVE
ITM-0036,PRODUCT,Hand Cream 03,NAIL_CARE,RETAIL_GOODS,102617,,True,"[""retail"",""all_branches""]","{""item_type"":""retail_product"",""currency"":""IDR"",""size_ml"":150}",ACTIVE
ITM-0037,PRODUCT,Sunscreen Lotion 03,PERSONAL_CARE,RETAIL_GOODS,485460,,True,"[""retail"",""all_branches""]","{""item_type"":""retail_product"",""currency"":""IDR"",""size_ml"":150}",ACTIVE
ITM-0038,PRODUCT,Lip Balm 03,HAIR_CARE,RETAIL_GOODS,85002,,True,"[""retail"",""all_branches""]","{""item_type"":""retail_product"",""currency"":""IDR"",""size_ml"":50}",ACTIVE
ITM-0039,PRODUCT,Hair Serum 03,ACCESSORIES,RETAIL_GOODS,392949,,True,"[""retail"",""all_branches""]","{""item_type"":""retail_product"",""currency"":""IDR"",""size_ml"":250}",ACTIVE
ITM-0040,PRODUCT,Body Lotion 03,NAIL_CARE,RETAIL_GOODS,425920,,True,"[""retail"",""all_branches""]","{""item_type"":""retail_product"",""currency"":""IDR"",""size_ml"":100}",ACTIVE
ITM-0041,PRODUCT,Face Towel 03,PERSONAL_CARE,RETAIL_GOODS,527344,,True,"[""retail"",""all_branches""]","{""item_type"":""retail_product"",""currency"":""IDR"",""size_ml"":100}",ACTIVE
ITM-0042,PRODUCT,Travel Pouch 03,HAIR_CARE,RETAIL_GOODS,643866,,True,"[""retail"",""all_branches""]","{""item_type"":""retail_product"",""currency"":""IDR"",""size_ml"":100}",ACTIVE
ITM-0043,PRODUCT,Comb 03,ACCESSORIES,RETAIL_GOODS,320930,,True,"[""retail"",""all_branches""]","{""item_type"":""retail_product"",""currency"":""IDR"",""size_ml"":250}",ACTIVE
ITM-0044,PRODUCT,Nail Care Set 03,NAIL_CARE,RETAIL_GOODS,598133,,True,"[""retail"",""all_branches""]","{""item_type"":""retail_product"",""currency"":""IDR"",""size_ml"":100}",ACTIVE
ITM-0045,PRODUCT,Reusable Bottle 03,PERSONAL_CARE,RETAIL_GOODS,595468,,True,"[""retail"",""all_branches""]","{""item_type"":""retail_product"",""currency"":""IDR"",""size_ml"":150}",ACTIVE
ITM-0046,PRODUCT,Daily Cleanser 04,HAIR_CARE,RETAIL_GOODS,288203,,True,"[""retail"",""all_branches""]","{""item_type"":""retail_product"",""currency"":""IDR"",""size_ml"":100}",ACTIVE
ITM-0047,PRODUCT,Hydrating Lotion 04,ACCESSORIES,RETAIL_GOODS,515368,,False,"[""retail"",""all_branches""]","{""item_type"":""retail_product"",""currency"":""IDR"",""size_ml"":100}",ACTIVE
ITM-0048,PRODUCT,Hair Shampoo 04,NAIL_CARE,RETAIL_GOODS,326089,,True,"[""retail"",""all_branches""]","{""item_type"":""retail_product"",""currency"":""IDR"",""size_ml"":50}",ACTIVE
ITM-0049,PRODUCT,Hair Conditioner 04,PERSONAL_CARE,RETAIL_GOODS,599000,,True,"[""retail"",""all_branches""]","{""item_type"":""retail_product"",""currency"":""IDR"",""size_ml"":100}",ACTIVE
ITM-0050,PRODUCT,Body Wash 04,HAIR_CARE,RETAIL_GOODS,644881,,True,"[""retail"",""all_branches""]","{""item_type"":""retail_product"",""currency"":""IDR"",""size_ml"":50}",ACTIVE
ITM-0051,PRODUCT,Hand Cream 04,ACCESSORIES,RETAIL_GOODS,462926,,True,"[""retail"",""all_branches""]","{""item_type"":""retail_product"",""currency"":""IDR"",""size_ml"":250}",ACTIVE
ITM-0052,PRODUCT,Sunscreen Lotion 04,NAIL_CARE,RETAIL_GOODS,420527,,True,"[""retail"",""all_branches""]","{""item_type"":""retail_product"",""currency"":""IDR"",""size_ml"":100}",ACTIVE
ITM-0053,PRODUCT,Lip Balm 04,PERSONAL_CARE,RETAIL_GOODS,361698,,True,"[""retail"",""all_branches""]","{""item_type"":""retail_product"",""currency"":""IDR"",""size_ml"":150}",ACTIVE
ITM-0054,PRODUCT,Hair Serum 04,HAIR_CARE,RETAIL_GOODS,37038,,True,"[""retail"",""all_branches""]","{""item_type"":""retail_product"",""currency"":""IDR"",""size_ml"":50}",ACTIVE
ITM-0055,PRODUCT,Body Lotion 04,ACCESSORIES,RETAIL_GOODS,174533,,True,"[""retail"",""all_branches""]","{""item_type"":""retail_product"",""currency"":""IDR"",""size_ml"":250}",ACTIVE
ITM-0056,PRODUCT,Face Towel 04,NAIL_CARE,RETAIL_GOODS,563717,,True,"[""retail"",""all_branches""]","{""item_type"":""retail_product"",""currency"":""IDR"",""size_ml"":100}",ACTIVE
ITM-0057,PRODUCT,Travel Pouch 04,PERSONAL_CARE,RETAIL_GOODS,179823,,True,"[""retail"",""all_branches""]","{""item_type"":""retail_product"",""currency"":""IDR"",""size_ml"":150}",ACTIVE
ITM-0058,PRODUCT,Comb 04,HAIR_CARE,RETAIL_GOODS,286822,,True,"[""retail"",""all_branches""]","{""item_type"":""retail_product"",""currency"":""IDR"",""size_ml"":150}",ACTIVE
ITM-0059,PRODUCT,Nail Care Set 04,ACCESSORIES,RETAIL_GOODS,437434,,True,"[""retail"",""all_branches""]","{""item_type"":""retail_product"",""currency"":""IDR"",""size_ml"":150}",ACTIVE
ITM-0060,PRODUCT,Reusable Bottle 04,NAIL_CARE,RETAIL_GOODS,59376,,True,"[""retail"",""all_branches""]","{""item_type"":""retail_product"",""currency"":""IDR"",""size_ml"":150}",ACTIVE
ITM-0061,PRODUCT,Daily Cleanser 05,PERSONAL_CARE,RETAIL_GOODS,466365,,True,"[""retail"",""all_branches""]","{""item_type"":""retail_product"",""currency"":""IDR"",""size_ml"":50}",ACTIVE
ITM-0062,PRODUCT,Hydrating Lotion 05,HAIR_CARE,RETAIL_GOODS,386626,,True,"[""retail"",""all_branches""]","{""item_type"":""retail_product"",""currency"":""IDR"",""size_ml"":100}",ACTIVE
ITM-0063,PRODUCT,Hair Shampoo 05,ACCESSORIES,RETAIL_GOODS,160289,,True,"[""retail"",""all_branches""]","{""item_type"":""retail_product"",""currency"":""IDR"",""size_ml"":150}",ACTIVE
ITM-0064,PRODUCT,Hair Conditioner 05,NAIL_CARE,RETAIL_GOODS,347716,,True,"[""retail"",""all_branches""]","{""item_type"":""retail_product"",""currency"":""IDR"",""size_ml"":100}",ACTIVE
ITM-0065,PRODUCT,Body Wash 05,PERSONAL_CARE,RETAIL_GOODS,610690,,True,"[""retail"",""all_branches""]","{""item_type"":""retail_product"",""currency"":""IDR"",""size_ml"":50}",ACTIVE
ITM-0066,PRODUCT,Hand Cream 05,HAIR_CARE,RETAIL_GOODS,482631,,True,"[""retail"",""all_branches""]","{""item_type"":""retail_product"",""currency"":""IDR"",""size_ml"":250}",ACTIVE
ITM-0067,PRODUCT,Sunscreen Lotion 05,ACCESSORIES,RETAIL_GOODS,340043,,True,"[""retail"",""all_branches""]","{""item_type"":""retail_product"",""currency"":""IDR"",""size_ml"":150}",ACTIVE
ITM-0068,PRODUCT,Lip Balm 05,NAIL_CARE,RETAIL_GOODS,117346,,True,"[""retail"",""all_branches""]","{""item_type"":""retail_product"",""currency"":""IDR"",""size_ml"":150}",ACTIVE
ITM-0069,PRODUCT,Hair Serum 05,PERSONAL_CARE,RETAIL_GOODS,485882,,True,"[""retail"",""all_branches""]","{""item_type"":""retail_product"",""currency"":""IDR"",""size_ml"":150}",ACTIVE
ITM-0070,PRODUCT,Body Lotion 05,HAIR_CARE,RETAIL_GOODS,227037,,False,"[""retail"",""all_branches""]","{""item_type"":""retail_product"",""currency"":""IDR"",""size_ml"":250}",ACTIVE
ITM-0071,PRODUCT,Face Towel 05,ACCESSORIES,RETAIL_GOODS,338596,,True,"[""retail"",""all_branches""]","{""item_type"":""retail_product"",""currency"":""IDR"",""size_ml"":250}",ACTIVE
ITM-0072,PRODUCT,Travel Pouch 05,NAIL_CARE,RETAIL_GOODS,553016,,True,"[""retail"",""all_branches""]","{""item_type"":""retail_product"",""currency"":""IDR"",""size_ml"":100}",ACTIVE
ITM-0073,PRODUCT,Comb 05,PERSONAL_CARE,RETAIL_GOODS,243763,,True,"[""retail"",""all_branches""]","{""item_type"":""retail_product"",""currency"":""IDR"",""size_ml"":100}",ACTIVE
ITM-0074,PRODUCT,Nail Care Set 05,HAIR_CARE,RETAIL_GOODS,622535,,True,"[""retail"",""all_branches""]","{""item_type"":""retail_product"",""currency"":""IDR"",""size_ml"":50}",ACTIVE
ITM-0075,PRODUCT,Reusable Bottle 05,ACCESSORIES,RETAIL_GOODS,83044,,True,"[""retail"",""all_branches""]","{""item_type"":""retail_product"",""currency"":""IDR"",""size_ml"":50}",ACTIVE
ITM-0076,PRODUCT,Daily Cleanser 06,NAIL_CARE,RETAIL_GOODS,433287,,True,"[""retail"",""all_branches""]","{""item_type"":""retail_product"",""currency"":""IDR"",""size_ml"":250}",ACTIVE
ITM-0077,PRODUCT,Hydrating Lotion 06,PERSONAL_CARE,RETAIL_GOODS,275240,,True,"[""retail"",""all_branches""]","{""item_type"":""retail_product"",""currency"":""IDR"",""size_ml"":100}",ACTIVE
ITM-0078,PRODUCT,Hair Shampoo 06,HAIR_CARE,RETAIL_GOODS,445466,,True,"[""retail"",""all_branches""]","{""item_type"":""retail_product"",""currency"":""IDR"",""size_ml"":50}",ACTIVE
ITM-0079,PRODUCT,Hair Conditioner 06,ACCESSORIES,RETAIL_GOODS,97462,,True,"[""retail"",""all_branches""]","{""item_type"":""retail_product"",""currency"":""IDR"",""size_ml"":50}",ACTIVE
ITM-0080,PRODUCT,Body Wash 06,NAIL_CARE,RETAIL_GOODS,259155,,True,"[""retail"",""all_branches""]","{""item_type"":""retail_product"",""currency"":""IDR"",""size_ml"":50}",ACTIVE
ITM-0081,PRODUCT,Hand Cream 06,PERSONAL_CARE,RETAIL_GOODS,139930,,True,"[""retail"",""all_branches""]","{""item_type"":""retail_product"",""currency"":""IDR"",""size_ml"":100}",ACTIVE
ITM-0082,PRODUCT,Sunscreen Lotion 06,HAIR_CARE,RETAIL_GOODS,70126,,True,"[""retail"",""all_branches""]","{""item_type"":""retail_product"",""currency"":""IDR"",""size_ml"":250}",ACTIVE
ITM-0083,PRODUCT,Lip Balm 06,ACCESSORIES,RETAIL_GOODS,567444,,True,"[""retail"",""all_branches""]","{""item_type"":""retail_product"",""currency"":""IDR"",""size_ml"":50}",ACTIVE
ITM-0084,PRODUCT,Hair Serum 06,NAIL_CARE,RETAIL_GOODS,97777,,True,"[""retail"",""all_branches""]","{""item_type"":""retail_product"",""currency"":""IDR"",""size_ml"":50}",ACTIVE
ITM-0085,PRODUCT,Body Lotion 06,PERSONAL_CARE,RETAIL_GOODS,312052,,True,"[""retail"",""all_branches""]","{""item_type"":""retail_product"",""currency"":""IDR"",""size_ml"":150}",ACTIVE
ITM-0086,PRODUCT,Face Towel 06,HAIR_CARE,RETAIL_GOODS,105356,,True,"[""retail"",""all_branches""]","{""item_type"":""retail_product"",""currency"":""IDR"",""size_ml"":150}",ACTIVE
ITM-0087,PRODUCT,Travel Pouch 06,ACCESSORIES,RETAIL_GOODS,362103,,True,"[""retail"",""all_branches""]","{""item_type"":""retail_product"",""currency"":""IDR"",""size_ml"":50}",ACTIVE
ITM-0088,PRODUCT,Comb 06,NAIL_CARE,RETAIL_GOODS,308019,,True,"[""retail"",""all_branches""]","{""item_type"":""retail_product"",""currency"":""IDR"",""size_ml"":100}",ACTIVE
ITM-0089,PRODUCT,Nail Care Set 06,PERSONAL_CARE,RETAIL_GOODS,335195,,True,"[""retail"",""all_branches""]","{""item_type"":""retail_product"",""currency"":""IDR"",""size_ml"":150}",ACTIVE
ITM-0090,PRODUCT,Reusable Bottle 06,HAIR_CARE,RETAIL_GOODS,186605,,True,"[""retail"",""all_branches""]","{""item_type"":""retail_product"",""currency"":""IDR"",""size_ml"":50}",ACTIVE
ITM-0091,PRODUCT,Daily Cleanser 07,ACCESSORIES,RETAIL_GOODS,172646,,True,"[""retail"",""all_branches""]","{""item_type"":""retail_product"",""currency"":""IDR"",""size_ml"":150}",ACTIVE
ITM-0092,PRODUCT,Hydrating Lotion 07,NAIL_CARE,RETAIL_GOODS,28637,,True,"[""retail"",""all_branches""]","{""item_type"":""retail_product"",""currency"":""IDR"",""size_ml"":100}",ACTIVE
ITM-0093,PRODUCT,Hair Shampoo 07,PERSONAL_CARE,RETAIL_GOODS,412966,,True,"[""retail"",""all_branches""]","{""item_type"":""retail_product"",""currency"":""IDR"",""size_ml"":50}",ACTIVE
ITM-0094,PRODUCT,Hair Conditioner 07,HAIR_CARE,RETAIL_GOODS,36704,,True,"[""retail"",""all_branches""]","{""item_type"":""retail_product"",""currency"":""IDR"",""size_ml"":250}",ACTIVE
ITM-0095,PRODUCT,Body Wash 07,ACCESSORIES,RETAIL_GOODS,37821,,True,"[""retail"",""all_branches""]","{""item_type"":""retail_product"",""currency"":""IDR"",""size_ml"":50}",ACTIVE
ITM-0096,PRODUCT,Hand Cream 07,NAIL_CARE,RETAIL_GOODS,102746,,True,"[""retail"",""all_branches""]","{""item_type"":""retail_product"",""currency"":""IDR"",""size_ml"":50}",ACTIVE
ITM-0097,PRODUCT,Sunscreen Lotion 07,PERSONAL_CARE,RETAIL_GOODS,111747,,True,"[""retail"",""all_branches""]","{""item_type"":""retail_product"",""currency"":""IDR"",""size_ml"":150}",ACTIVE
ITM-0098,PRODUCT,Lip Balm 07,HAIR_CARE,RETAIL_GOODS,205760,,True,"[""retail"",""all_branches""]","{""item_type"":""retail_product"",""currency"":""IDR"",""size_ml"":250}",ACTIVE
ITM-0099,PRODUCT,Hair Serum 07,ACCESSORIES,RETAIL_GOODS,403184,,True,"[""retail"",""all_branches""]","{""item_type"":""retail_product"",""currency"":""IDR"",""size_ml"":250}",ACTIVE
ITM-0100,PRODUCT,Body Lotion 07,NAIL_CARE,RETAIL_GOODS,217546,,True,"[""retail"",""all_branches""]","{""item_type"":""retail_product"",""currency"":""IDR"",""size_ml"":150}",ACTIVE
ITM-0101,SERVICE,Haircut Session 01,PERSONAL_CARE,HAIRCUT,109248,45,True,"[""appointment_required"",""non_medical"",""all_branches""]","{""item_type"":""non_medical_service"",""currency"":""IDR"",""duration_minutes"":45}",ACTIVE
ITM-0102,SERVICE,Hair Styling Session 01,PERSONAL_CARE,HAIR_STYLING,300603,90,True,"[""appointment_required"",""non_medical"",""all_branches""]","{""item_type"":""non_medical_service"",""currency"":""IDR"",""duration_minutes"":90}",ACTIVE
ITM-0103,SERVICE,Hair Coloring Session 01,PERSONAL_CARE,HAIR_COLORING,555893,60,True,"[""appointment_required"",""non_medical"",""all_branches""]","{""item_type"":""non_medical_service"",""currency"":""IDR"",""duration_minutes"":60}",ACTIVE
ITM-0104,SERVICE,Manicure Session 01,PERSONAL_CARE,MANICURE,542484,45,True,"[""appointment_required"",""non_medical"",""all_branches""]","{""item_type"":""non_medical_service"",""currency"":""IDR"",""duration_minutes"":45}",ACTIVE
ITM-0105,SERVICE,Pedicure Session 01,PERSONAL_CARE,PEDICURE,411002,90,True,"[""appointment_required"",""non_medical"",""all_branches""]","{""item_type"":""non_medical_service"",""currency"":""IDR"",""duration_minutes"":90}",ACTIVE
ITM-0106,SERVICE,Makeup Session 01,PERSONAL_CARE,MAKEUP,785708,60,True,"[""appointment_required"",""non_medical"",""all_branches""]","{""item_type"":""non_medical_service"",""currency"":""IDR"",""duration_minutes"":60}",ACTIVE
ITM-0107,SERVICE,Haircut Session 02,PERSONAL_CARE,HAIRCUT,613966,45,True,"[""appointment_required"",""non_medical"",""all_branches""]","{""item_type"":""non_medical_service"",""currency"":""IDR"",""duration_minutes"":45}",ACTIVE
ITM-0108,SERVICE,Hair Styling Session 02,PERSONAL_CARE,HAIR_STYLING,534101,30,True,"[""appointment_required"",""non_medical"",""all_branches""]","{""item_type"":""non_medical_service"",""currency"":""IDR"",""duration_minutes"":30}",ACTIVE
ITM-0109,SERVICE,Hair Coloring Session 02,PERSONAL_CARE,HAIR_COLORING,579782,60,True,"[""appointment_required"",""non_medical"",""all_branches""]","{""item_type"":""non_medical_service"",""currency"":""IDR"",""duration_minutes"":60}",ACTIVE
ITM-0110,SERVICE,Manicure Session 02,PERSONAL_CARE,MANICURE,765108,30,True,"[""appointment_required"",""non_medical"",""all_branches""]","{""item_type"":""non_medical_service"",""currency"":""IDR"",""duration_minutes"":30}",ACTIVE
ITM-0111,SERVICE,Pedicure Session 02,PERSONAL_CARE,PEDICURE,623331,90,True,"[""appointment_required"",""non_medical"",""all_branches""]","{""item_type"":""non_medical_service"",""currency"":""IDR"",""duration_minutes"":90}",ACTIVE
ITM-0112,SERVICE,Makeup Session 02,PERSONAL_CARE,MAKEUP,275615,30,True,"[""appointment_required"",""non_medical"",""all_branches""]","{""item_type"":""non_medical_service"",""currency"":""IDR"",""duration_minutes"":30}",ACTIVE
ITM-0113,SERVICE,Haircut Session 03,PERSONAL_CARE,HAIRCUT,779573,60,True,"[""appointment_required"",""non_medical"",""all_branches""]","{""item_type"":""non_medical_service"",""currency"":""IDR"",""duration_minutes"":60}",ACTIVE
ITM-0114,SERVICE,Hair Styling Session 03,PERSONAL_CARE,HAIR_STYLING,145617,60,True,"[""appointment_required"",""non_medical"",""all_branches""]","{""item_type"":""non_medical_service"",""currency"":""IDR"",""duration_minutes"":60}",ACTIVE
ITM-0115,SERVICE,Hair Coloring Session 03,PERSONAL_CARE,HAIR_COLORING,789434,60,True,"[""appointment_required"",""non_medical"",""all_branches""]","{""item_type"":""non_medical_service"",""currency"":""IDR"",""duration_minutes"":60}",ACTIVE
ITM-0116,SERVICE,Manicure Session 03,PERSONAL_CARE,MANICURE,216932,60,True,"[""appointment_required"",""non_medical"",""all_branches""]","{""item_type"":""non_medical_service"",""currency"":""IDR"",""duration_minutes"":60}",ACTIVE
ITM-0117,SERVICE,Pedicure Session 03,PERSONAL_CARE,PEDICURE,629955,30,True,"[""appointment_required"",""non_medical"",""all_branches""]","{""item_type"":""non_medical_service"",""currency"":""IDR"",""duration_minutes"":30}",ACTIVE
ITM-0118,SERVICE,Makeup Session 03,PERSONAL_CARE,MAKEUP,163735,60,True,"[""appointment_required"",""non_medical"",""all_branches""]","{""item_type"":""non_medical_service"",""currency"":""IDR"",""duration_minutes"":60}",ACTIVE
ITM-0119,SERVICE,Haircut Session 04,PERSONAL_CARE,HAIRCUT,546434,30,True,"[""appointment_required"",""non_medical"",""all_branches""]","{""item_type"":""non_medical_service"",""currency"":""IDR"",""duration_minutes"":30}",ACTIVE
ITM-0120,SERVICE,Hair Styling Session 04,PERSONAL_CARE,HAIR_STYLING,747153,45,True,"[""appointment_required"",""non_medical"",""all_branches""]","{""item_type"":""non_medical_service"",""currency"":""IDR"",""duration_minutes"":45}",ACTIVE
ITM-0121,SERVICE,Hair Coloring Session 04,PERSONAL_CARE,HAIR_COLORING,840642,90,True,"[""appointment_required"",""non_medical"",""all_branches""]","{""item_type"":""non_medical_service"",""currency"":""IDR"",""duration_minutes"":90}",ACTIVE
ITM-0122,SERVICE,Manicure Session 04,PERSONAL_CARE,MANICURE,648461,45,True,"[""appointment_required"",""non_medical"",""all_branches""]","{""item_type"":""non_medical_service"",""currency"":""IDR"",""duration_minutes"":45}",ACTIVE
ITM-0123,SERVICE,Pedicure Session 04,PERSONAL_CARE,PEDICURE,384377,30,True,"[""appointment_required"",""non_medical"",""all_branches""]","{""item_type"":""non_medical_service"",""currency"":""IDR"",""duration_minutes"":30}",ACTIVE
ITM-0124,SERVICE,Makeup Session 04,PERSONAL_CARE,MAKEUP,303512,60,True,"[""appointment_required"",""non_medical"",""all_branches""]","{""item_type"":""non_medical_service"",""currency"":""IDR"",""duration_minutes"":60}",ACTIVE
ITM-0125,SERVICE,Haircut Session 05,PERSONAL_CARE,HAIRCUT,277878,90,True,"[""appointment_required"",""non_medical"",""all_branches""]","{""item_type"":""non_medical_service"",""currency"":""IDR"",""duration_minutes"":90}",ACTIVE
ITM-0126,SERVICE,Hair Styling Session 05,PERSONAL_CARE,HAIR_STYLING,818447,60,True,"[""appointment_required"",""non_medical"",""all_branches""]","{""item_type"":""non_medical_service"",""currency"":""IDR"",""duration_minutes"":60}",ACTIVE
ITM-0127,SERVICE,Hair Coloring Session 05,PERSONAL_CARE,HAIR_COLORING,418683,90,True,"[""appointment_required"",""non_medical"",""all_branches""]","{""item_type"":""non_medical_service"",""currency"":""IDR"",""duration_minutes"":90}",ACTIVE
ITM-0128,SERVICE,Manicure Session 05,PERSONAL_CARE,MANICURE,396253,60,True,"[""appointment_required"",""non_medical"",""all_branches""]","{""item_type"":""non_medical_service"",""currency"":""IDR"",""duration_minutes"":60}",ACTIVE
ITM-0129,SERVICE,Pedicure Session 05,PERSONAL_CARE,PEDICURE,272263,45,True,"[""appointment_required"",""non_medical"",""all_branches""]","{""item_type"":""non_medical_service"",""currency"":""IDR"",""duration_minutes"":45}",ACTIVE
ITM-0130,SERVICE,Makeup Session 05,PERSONAL_CARE,MAKEUP,813305,45,True,"[""appointment_required"",""non_medical"",""all_branches""]","{""item_type"":""non_medical_service"",""currency"":""IDR"",""duration_minutes"":45}",ACTIVE
ITM-0131,SERVICE,Haircut Session 06,PERSONAL_CARE,HAIRCUT,545424,90,True,"[""appointment_required"",""non_medical"",""all_branches""]","{""item_type"":""non_medical_service"",""currency"":""IDR"",""duration_minutes"":90}",ACTIVE
ITM-0132,SERVICE,Hair Styling Session 06,PERSONAL_CARE,HAIR_STYLING,828309,30,True,"[""appointment_required"",""non_medical"",""all_branches""]","{""item_type"":""non_medical_service"",""currency"":""IDR"",""duration_minutes"":30}",ACTIVE
ITM-0133,SERVICE,Hair Coloring Session 06,PERSONAL_CARE,HAIR_COLORING,184493,60,True,"[""appointment_required"",""non_medical"",""all_branches""]","{""item_type"":""non_medical_service"",""currency"":""IDR"",""duration_minutes"":60}",ACTIVE
ITM-0134,SERVICE,Manicure Session 06,PERSONAL_CARE,MANICURE,455525,30,True,"[""appointment_required"",""non_medical"",""all_branches""]","{""item_type"":""non_medical_service"",""currency"":""IDR"",""duration_minutes"":30}",ACTIVE
ITM-0135,SERVICE,Pedicure Session 06,PERSONAL_CARE,PEDICURE,768813,60,True,"[""appointment_required"",""non_medical"",""all_branches""]","{""item_type"":""non_medical_service"",""currency"":""IDR"",""duration_minutes"":60}",ACTIVE
ITM-0136,SERVICE,Makeup Session 06,PERSONAL_CARE,MAKEUP,679767,45,False,"[""appointment_required"",""non_medical"",""all_branches""]","{""item_type"":""non_medical_service"",""currency"":""IDR"",""duration_minutes"":45}",ACTIVE
ITM-0137,SERVICE,Haircut Session 07,PERSONAL_CARE,HAIRCUT,349129,60,True,"[""appointment_required"",""non_medical"",""all_branches""]","{""item_type"":""non_medical_service"",""currency"":""IDR"",""duration_minutes"":60}",ACTIVE
ITM-0138,SERVICE,Hair Styling Session 07,PERSONAL_CARE,HAIR_STYLING,299197,30,True,"[""appointment_required"",""non_medical"",""all_branches""]","{""item_type"":""non_medical_service"",""currency"":""IDR"",""duration_minutes"":30}",ACTIVE
ITM-0139,SERVICE,Hair Coloring Session 07,PERSONAL_CARE,HAIR_COLORING,509236,60,True,"[""appointment_required"",""non_medical"",""all_branches""]","{""item_type"":""non_medical_service"",""currency"":""IDR"",""duration_minutes"":60}",ACTIVE
ITM-0140,SERVICE,Manicure Session 07,PERSONAL_CARE,MANICURE,714065,90,True,"[""appointment_required"",""non_medical"",""all_branches""]","{""item_type"":""non_medical_service"",""currency"":""IDR"",""duration_minutes"":90}",DISCONTINUED
ITM-0141,SERVICE,Pedicure Session 07,PERSONAL_CARE,PEDICURE,639754,45,True,"[""appointment_required"",""non_medical"",""all_branches""]","{""item_type"":""non_medical_service"",""currency"":""IDR"",""duration_minutes"":45}",ACTIVE
ITM-0142,SERVICE,Makeup Session 07,PERSONAL_CARE,MAKEUP,525557,60,True,"[""appointment_required"",""non_medical"",""all_branches""]","{""item_type"":""non_medical_service"",""currency"":""IDR"",""duration_minutes"":60}",ACTIVE
ITM-0143,SERVICE,Haircut Session 08,PERSONAL_CARE,HAIRCUT,673242,30,True,"[""appointment_required"",""non_medical"",""all_branches""]","{""item_type"":""non_medical_service"",""currency"":""IDR"",""duration_minutes"":30}",ACTIVE
ITM-0144,SERVICE,Hair Styling Session 08,PERSONAL_CARE,HAIR_STYLING,120868,45,True,"[""appointment_required"",""non_medical"",""all_branches""]","{""item_type"":""non_medical_service"",""currency"":""IDR"",""duration_minutes"":45}",ACTIVE
ITM-0145,SERVICE,Hair Coloring Session 08,PERSONAL_CARE,HAIR_COLORING,886452,45,True,"[""appointment_required"",""non_medical"",""all_branches""]","{""item_type"":""non_medical_service"",""currency"":""IDR"",""duration_minutes"":45}",ACTIVE
ITM-0146,SERVICE,Manicure Session 08,PERSONAL_CARE,MANICURE,872704,30,True,"[""appointment_required"",""non_medical"",""all_branches""]","{""item_type"":""non_medical_service"",""currency"":""IDR"",""duration_minutes"":30}",ACTIVE
ITM-0147,SERVICE,Pedicure Session 08,PERSONAL_CARE,PEDICURE,682917,45,True,"[""appointment_required"",""non_medical"",""all_branches""]","{""item_type"":""non_medical_service"",""currency"":""IDR"",""duration_minutes"":45}",ACTIVE
ITM-0148,SERVICE,Makeup Session 08,PERSONAL_CARE,MAKEUP,125141,30,True,"[""appointment_required"",""non_medical"",""all_branches""]","{""item_type"":""non_medical_service"",""currency"":""IDR"",""duration_minutes"":30}",ACTIVE
ITM-0149,SERVICE,Haircut Session 09,PERSONAL_CARE,HAIRCUT,526286,60,True,"[""appointment_required"",""non_medical"",""all_branches""]","{""item_type"":""non_medical_service"",""currency"":""IDR"",""duration_minutes"":60}",ACTIVE
ITM-0150,SERVICE,Hair Styling Session 09,PERSONAL_CARE,HAIR_STYLING,669327,30,True,"[""appointment_required"",""non_medical"",""all_branches""]","{""item_type"":""non_medical_service"",""currency"":""IDR"",""duration_minutes"":30}",ACTIVE
ITM-0151,SERVICE,Hair Coloring Session 09,PERSONAL_CARE,HAIR_COLORING,273556,45,True,"[""appointment_required"",""non_medical"",""all_branches""]","{""item_type"":""non_medical_service"",""currency"":""IDR"",""duration_minutes"":45}",ACTIVE
ITM-0152,SERVICE,Manicure Session 09,PERSONAL_CARE,MANICURE,565881,60,True,"[""appointment_required"",""non_medical"",""all_branches""]","{""item_type"":""non_medical_service"",""currency"":""IDR"",""duration_minutes"":60}",ACTIVE
ITM-0153,SERVICE,Pedicure Session 09,PERSONAL_CARE,PEDICURE,667297,90,True,"[""appointment_required"",""non_medical"",""all_branches""]","{""item_type"":""non_medical_service"",""currency"":""IDR"",""duration_minutes"":90}",ACTIVE
ITM-0154,SERVICE,Makeup Session 09,PERSONAL_CARE,MAKEUP,621533,30,True,"[""appointment_required"",""non_medical"",""all_branches""]","{""item_type"":""non_medical_service"",""currency"":""IDR"",""duration_minutes"":30}",ACTIVE
ITM-0155,SERVICE,Haircut Session 10,PERSONAL_CARE,HAIRCUT,177199,45,True,"[""appointment_required"",""non_medical"",""all_branches""]","{""item_type"":""non_medical_service"",""currency"":""IDR"",""duration_minutes"":45}",ACTIVE
ITM-0156,SERVICE,Hair Styling Session 10,PERSONAL_CARE,HAIR_STYLING,610589,30,True,"[""appointment_required"",""non_medical"",""all_branches""]","{""item_type"":""non_medical_service"",""currency"":""IDR"",""duration_minutes"":30}",ACTIVE
ITM-0157,SERVICE,Hair Coloring Session 10,PERSONAL_CARE,HAIR_COLORING,496310,90,True,"[""appointment_required"",""non_medical"",""all_branches""]","{""item_type"":""non_medical_service"",""currency"":""IDR"",""duration_minutes"":90}",ACTIVE
ITM-0158,SERVICE,Manicure Session 10,PERSONAL_CARE,MANICURE,888003,60,True,"[""appointment_required"",""non_medical"",""all_branches""]","{""item_type"":""non_medical_service"",""currency"":""IDR"",""duration_minutes"":60}",ACTIVE
ITM-0159,SERVICE,Pedicure Session 10,PERSONAL_CARE,PEDICURE,268445,60,True,"[""appointment_required"",""non_medical"",""all_branches""]","{""item_type"":""non_medical_service"",""currency"":""IDR"",""duration_minutes"":60}",ACTIVE
ITM-0160,SERVICE,Makeup Session 10,PERSONAL_CARE,MAKEUP,318588,30,True,"[""appointment_required"",""non_medical"",""all_branches""]","{""item_type"":""non_medical_service"",""currency"":""IDR"",""duration_minutes"":30}",ACTIVE
