source_case_id,source_customer_ref,category,severity,status,opened_at,closed_at,resolution_code
09b25921-8576-5820-ac4a-1dcec53bc757,2b4966c0-bc07-59bf-9797-acfed8fd80fb,BILLING,LOW,RESOLVED,2026-06-16T20:21:22+07:00,2026-06-20T20:21:22+07:00,BOOKING_RESCHEDULED
74d3525b-5405-554f-9d9e-140e208e37f6,2b4966c0-bc07-59bf-9797-acfed8fd80fb,PRODUCT_AVAILABILITY,LOW,IN_PROGRESS,2026-05-14T19:16:14+07:00,,
2a8d77b1-c66a-5e8e-a6c6-ddfd2db09640,98510904-1672-5768-a74f-5f5c9c40beb8,PRODUCT_AVAILABILITY,MEDIUM,RESOLVED,2026-08-19T11:27:27+07:00,2026-08-21T11:27:27+07:00,BILLING_ADJUSTED
39f78a00-3a81-5e87-9dda-df1fd22d7e9d,277cdfe3-84b2-5ee1-81ef-760a6ab31181,PRODUCT_AVAILABILITY,LOW,RESOLVED,2025-08-11T20:20:17+07:00,2025-08-16T20:20:17+07:00,SERVICE_FOLLOWUP
79350e02-d700-51c4-abbe-f4357dc0fa40,9c432a59-d76b-5c4b-beb8-bed099d793da,STAFF_SERVICE,LOW,RESOLVED,2026-09-20T11:16:27+07:00,2026-09-27T11:16:27+07:00,SERVICE_FOLLOWUP
f03f1667-ea72-58b1-a9c5-91306ef3303b,9c432a59-d76b-5c4b-beb8-bed099d793da,BILLING,MEDIUM,RESOLVED,2025-10-31T23:45:19+07:00,2025-11-05T23:45:19+07:00,SERVICE_FOLLOWUP
926623d5-a184-5d93-8270-6faad0621c3b,6d122e14-eb6e-5f9e-b850-79bdb84bdc7b,BILLING,LOW,RESOLVED,2026-01-18T22:54:37+07:00,2026-01-25T22:54:37+07:00,BOOKING_RESCHEDULED
b2509008-aee8-5e99-a004-b50f9922eba3,d3e76d29-94be-59b2-9303-78d766e4ebcb,BILLING,LOW,RESOLVED,2026-04-28T19:26:29+07:00,2026-05-05T19:26:29+07:00,BILLING_ADJUSTED
5cf2cdb0-e917-5296-9a68-b2d8549c427d,33026459-8346-52d0-a07b-d4bc889a986e,PRODUCT_AVAILABILITY,MEDIUM,IN_PROGRESS,2025-07-16T23:07:13+07:00,,
8f52e707-2f28-5ded-9d30-9339a3e22713,94699ae7-2651-5cd9-a572-f73defe3e2bf,STAFF_SERVICE,SEVERE,RESOLVED,2026-04-26T16:00:35+07:00,2026-05-01T16:00:35+07:00,SERVICE_FOLLOWUP
617b5edd-e926-5452-a2ad-e62e7eec3caf,a8818de1-5cac-568c-a27f-514aba99e952,STAFF_SERVICE,LOW,OPEN,2025-11-06T15:01:42+07:00,,
b02fe709-bab1-55fb-8e88-f23b574b4f80,7a563d99-ea8a-583d-a265-d1228e634154,BOOKING_DELAY,SEVERE,IN_PROGRESS,2025-07-27T02:18:47+07:00,,
b77ae519-4699-51b8-abd1-695b104bbfc3,e1a51fce-7bd4-5b9a-8e5c-e36359da78b9,STAFF_SERVICE,SEVERE,OPEN,2026-02-10T22:19:16+07:00,,
1e00491c-7967-5337-8a54-b8f05838653d,22789b45-a3dd-5a42-9100-83c9e92921a2,STAFF_SERVICE,LOW,RESOLVED,2026-01-31T22:00:49+07:00,2026-02-05T22:00:49+07:00,BOOKING_RESCHEDULED
7d687e50-826d-5d56-9c07-556b22e51343,8dbabd3e-4a2d-505f-9abf-2001e2546905,PRODUCT_AVAILABILITY,MEDIUM,IN_PROGRESS,2026-06-08T22:34:53+07:00,,
f741c5e6-1340-5709-ac1c-4fea55c54d59,753af839-12dd-58ab-a948-022311b48017,BOOKING_DELAY,LOW,RESOLVED,2025-06-20T18:27:44+07:00,2025-06-22T18:27:44+07:00,SERVICE_FOLLOWUP
34c7709a-feab-566f-b336-72d07049f07c,753af839-12dd-58ab-a948-022311b48017,BOOKING_DELAY,MEDIUM,RESOLVED,2025-06-28T09:07:16+07:00,2025-07-04T09:07:16+07:00,BOOKING_RESCHEDULED
efb91446-9eb8-5497-82f6-eb5d02c9c5c9,feaa7c9f-b909-52a1-8b43-df5748e8f341,PRODUCT_AVAILABILITY,LOW,RESOLVED,2025-10-25T17:44:36+07:00,2025-10-31T17:44:36+07:00,BILLING_ADJUSTED
e1b6ea43-4215-5f77-b487-e2b22e5cca65,8068e38b-853f-51d8-ba56-b3a368ff917c,PRODUCT_AVAILABILITY,LOW,RESOLVED,2026-09-10T22:55:12+07:00,2026-09-13T22:55:12+07:00,SERVICE_FOLLOWUP
1e76de75-970d-5bbc-b38f-3a0155ee9f29,8068e38b-853f-51d8-ba56-b3a368ff917c,PRODUCT_AVAILABILITY,HIGH,RESOLVED,2025-12-31T10:35:07+07:00,2026-01-06T10:35:07+07:00,BOOKING_RESCHEDULED
87183256-2bae-558b-a4ff-baf54bc88495,e8301523-a19d-5a0c-9ffb-7fd1e66d1e3b,BOOKING_DELAY,MEDIUM,RESOLVED,2026-03-18T03:10:18+07:00,2026-03-21T03:10:18+07:00,SERVICE_FOLLOWUP
e766a524-7c4e-5505-8d6a-7fc51b4dc367,2519c7c2-61fd-5648-ad17-3da9e75ba003,STAFF_SERVICE,LOW,IN_PROGRESS,2025-10-22T01:05:54+07:00,,
3b3a7bfe-01a9-5b37-88e2-bbe845147306,7cfc5a36-fae1-5f2f-96c1-1acdbad1811a,BILLING,HIGH,RESOLVED,2025-07-07T21:40:55+07:00,2025-07-12T21:40:55+07:00,BOOKING_RESCHEDULED
3af04f04-3870-5f25-b14d-ad9af1464be4,346b0e7c-996d-52f0-9aeb-db2f8c1f962f,STAFF_SERVICE,LOW,IN_PROGRESS,2026-04-11T08:21:51+07:00,,
417195fa-345b-583b-a8c9-dcf7af57ee06,946cea82-3493-5c52-a33a-d7354036a51a,BOOKING_DELAY,MEDIUM,RESOLVED,2026-07-04T18:20:21+07:00,2026-07-08T18:20:21+07:00,STOCK_UPDATED
a424afbb-292e-5d71-ac8c-bf7605fdc17f,00e4d6b7-79e4-5537-9863-e76dbb7ca4af,PRODUCT_AVAILABILITY,HIGH,RESOLVED,2025-12-05T10:10:02+07:00,2025-12-08T10:10:02+07:00,SERVICE_FOLLOWUP
35fffce2-6bb1-50fa-97bd-45c3b84d26b1,443b2136-04cc-52b9-8b5c-83247951c90c,BILLING,LOW,RESOLVED,2026-05-13T01:23:21+07:00,2026-05-16T01:23:21+07:00,BILLING_ADJUSTED
d9b5365b-12a5-56d6-82f1-fe364f40bc4a,d5a0eca6-98a9-5f67-b8c8-308c32367f52,STAFF_SERVICE,LOW,RESOLVED,2025-11-30T16:29:12+07:00,2025-12-01T16:29:12+07:00,SERVICE_FOLLOWUP
0b086cf9-6e08-50b6-81d8-db22f02e5882,d5a0eca6-98a9-5f67-b8c8-308c32367f52,BILLING,LOW,RESOLVED,2026-03-27T19:01:12+07:00,2026-03-31T19:01:12+07:00,BOOKING_RESCHEDULED
ac5463f0-5c97-5f0f-abc8-8959998aa485,77bef1b7-978d-5652-9aa0-28ae1a339d6d,PRODUCT_AVAILABILITY,MEDIUM,RESOLVED,2026-06-10T18:57:55+07:00,2026-06-12T18:57:55+07:00,STOCK_UPDATED
d97f885f-11b1-5f3d-95f3-c8de182b4d88,cf21fc58-2e1f-55fe-aa74-4c275d245666,STAFF_SERVICE,LOW,RESOLVED,2025-12-27T08:34:41+07:00,2026-01-03T08:34:41+07:00,BILLING_ADJUSTED
ba01a08b-cf78-50af-97df-833c9cd6789b,315acc32-1bf7-5fa4-9892-91a67efc7aa8,STAFF_SERVICE,LOW,RESOLVED,2026-04-18T00:28:51+07:00,2026-04-23T00:28:51+07:00,STOCK_UPDATED
a65a575e-51b3-5c73-8673-b42173d56fcc,172c5100-7546-597b-8150-78a9c53f1dcf,BOOKING_DELAY,MEDIUM,RESOLVED,2026-07-15T01:46:29+07:00,2026-07-22T01:46:29+07:00,BILLING_ADJUSTED
07bf840f-f092-5631-85bc-46f8c19894bb,b9bd83f8-5ead-586c-832f-2e6fcd07313f,BILLING,LOW,OPEN,2025-08-24T09:54:43+07:00,,
e423251d-e6ed-5e94-8610-fea77c0545a8,039ae8bc-bf67-5905-84eb-f0cd0f1c8d72,BILLING,LOW,RESOLVED,2026-01-26T23:13:26+07:00,2026-02-01T23:13:26+07:00,BOOKING_RESCHEDULED
9c71b94b-a215-5977-834b-692e8152bdbb,a0a61ff7-052d-5676-adc4-eb743170c895,BOOKING_DELAY,HIGH,RESOLVED,2025-05-17T08:47:56+07:00,2025-05-24T08:47:56+07:00,SERVICE_FOLLOWUP
2934282f-bb2c-5b75-bae4-16f92635871d,aabbe2fa-816a-542d-ac34-4edddec38116,PRODUCT_AVAILABILITY,HIGH,RESOLVED,2026-03-17T23:56:06+07:00,2026-03-23T23:56:06+07:00,BOOKING_RESCHEDULED
4859bfe5-6668-52a0-bd67-f7a7633779b7,aabbe2fa-816a-542d-ac34-4edddec38116,BILLING,HIGH,RESOLVED,2025-07-31T09:51:20+07:00,2025-08-01T09:51:20+07:00,SERVICE_FOLLOWUP
4885c1b1-22a5-5c94-a494-6397d452799e,00e842d1-d73f-57fc-95a5-5bed63f9720e,BOOKING_DELAY,MEDIUM,RESOLVED,2026-05-04T08:47:35+07:00,2026-05-09T08:47:35+07:00,STOCK_UPDATED
dacdcdc7-3425-5362-887c-d60249ab4011,a1ac6712-88b2-5908-aceb-63e017b3d3fb,PRODUCT_AVAILABILITY,LOW,RESOLVED,2026-03-18T06:33:04+07:00,2026-03-22T06:33:04+07:00,STOCK_UPDATED
321a74b8-b947-5d64-ae5e-823cca9c0d88,74b565dc-04e0-571e-bd2b-948ed8e74833,PRODUCT_AVAILABILITY,HIGH,RESOLVED,2025-12-30T09:53:25+07:00,2026-01-06T09:53:25+07:00,BOOKING_RESCHEDULED
08892c44-a424-54ab-9357-1448e6bede25,42b232be-73f0-59f9-8959-3fe4d4ecccfa,PRODUCT_AVAILABILITY,SEVERE,RESOLVED,2026-08-16T23:46:55+07:00,2026-08-23T23:46:55+07:00,BOOKING_RESCHEDULED
74d48b38-c54e-5b2f-b989-f261aa386b2f,e4e7eff4-d966-52ab-a2db-e917a70983e9,BILLING,LOW,RESOLVED,2026-03-20T01:33:17+07:00,2026-03-22T01:33:17+07:00,SERVICE_FOLLOWUP
69a551d0-d229-5a5e-9e6e-2e5c6522f5ee,e4e7eff4-d966-52ab-a2db-e917a70983e9,STAFF_SERVICE,MEDIUM,OPEN,2025-11-10T19:18:16+07:00,,
9d6313a7-89ad-5d0e-a74e-418c4e483c6c,a105e114-ced6-5f82-9668-8fc8e5796ed4,PRODUCT_AVAILABILITY,HIGH,OPEN,2026-09-02T03:09:36+07:00,,
0b56034d-f0df-5d33-919f-d6f89d13bd8a,96232cbc-27a7-5842-9945-770eb0fa2ba1,PRODUCT_AVAILABILITY,LOW,RESOLVED,2026-01-04T06:03:17+07:00,2026-01-08T06:03:17+07:00,SERVICE_FOLLOWUP
633e8386-245d-543f-a41c-59d9e755ab50,042e3d9a-840d-5622-b9a8-5e481cd54903,BOOKING_DELAY,HIGH,RESOLVED,2025-04-26T19:46:33+07:00,2025-04-28T19:46:33+07:00,BOOKING_RESCHEDULED
cfec68b7-d9df-5997-90d2-a7806640b8f5,9eeb5472-37fb-519a-98a0-73a968a3761d,PRODUCT_AVAILABILITY,LOW,RESOLVED,2026-07-01T08:57:44+07:00,2026-07-04T08:57:44+07:00,BILLING_ADJUSTED
253f3640-8563-5e5f-be69-6045545bfd3a,a6841f88-44cf-5cfa-8c45-c2d744c0ed5a,BILLING,LOW,RESOLVED,2025-07-20T12:37:30+07:00,2025-07-27T12:37:30+07:00,SERVICE_FOLLOWUP
ccadeafb-c289-566b-9f7b-6bef12827f96,9f14edc5-d346-59d9-9b21-e266746a8846,BILLING,HIGH,IN_PROGRESS,2026-08-29T22:37:30+07:00,,
42a556a4-1175-5fc8-864a-9f78500c7afc,82ab11be-4149-59f2-a310-c2cb179f98ea,STAFF_SERVICE,HIGH,IN_PROGRESS,2026-05-16T14:33:54+07:00,,
70df5eeb-110f-5f1b-b7a1-9cfc56c00679,ae35a13b-9e00-5808-8888-be626cfecf98,STAFF_SERVICE,LOW,RESOLVED,2025-05-09T18:15:48+07:00,2025-05-14T18:15:48+07:00,SERVICE_FOLLOWUP
64a8ae37-844d-5fcf-8e17-81df60d50cc3,69e6d148-5e46-5697-87eb-2028b120da0e,STAFF_SERVICE,LOW,RESOLVED,2025-07-15T09:52:11+07:00,2025-07-21T09:52:11+07:00,STOCK_UPDATED
738620bd-a634-50c1-96d0-cf022cd97911,6ca9df98-d479-531b-a473-7e4d890c12eb,BILLING,HIGH,RESOLVED,2025-11-21T10:52:01+07:00,2025-11-27T10:52:01+07:00,STOCK_UPDATED
d1b0bb0a-c73e-5306-ac37-6348f52d9eae,8f7a83fc-8bcf-5bca-804e-bf1163c7b3f6,BOOKING_DELAY,MEDIUM,OPEN,2025-04-25T18:16:47+07:00,,
dbbdecc1-a6b1-5946-a568-9f31a62a9139,9d77a02b-ce02-5873-a5ae-c54dcfa19f2f,STAFF_SERVICE,HIGH,OPEN,2026-01-20T09:49:51+07:00,,
1dff7801-497b-51e1-b919-c3d0f10fc891,6e9a3f83-559c-59a8-9882-e3e7fb70cfec,BILLING,MEDIUM,RESOLVED,2025-10-17T06:58:22+07:00,2025-10-19T06:58:22+07:00,BILLING_ADJUSTED
ef012362-15e0-5671-8111-f32446503097,83d10e43-8fb9-5291-8b24-22da9371d53f,STAFF_SERVICE,MEDIUM,RESOLVED,2026-01-13T17:07:53+07:00,2026-01-19T17:07:53+07:00,STOCK_UPDATED
e4e453f9-9cf0-5400-9350-f4550731a6cc,ec9f6b23-c997-5b0a-a04f-8584bc4db386,BILLING,LOW,RESOLVED,2025-04-11T17:06:07+07:00,2025-04-18T17:06:07+07:00,SERVICE_FOLLOWUP
1672a177-3915-5a8f-8508-685f25b58999,06620d5b-2826-5ca7-8d12-f702c37403a9,STAFF_SERVICE,LOW,RESOLVED,2026-07-12T11:27:52+07:00,2026-07-13T11:27:52+07:00,SERVICE_FOLLOWUP
a37cbd04-ae5c-50a1-a63c-6e1e2dee3040,cbb69bf1-1bf6-518f-b7b3-fd2ef1043f1c,BOOKING_DELAY,LOW,RESOLVED,2025-11-25T12:32:20+07:00,2025-11-28T12:32:20+07:00,BOOKING_RESCHEDULED
ff5143f7-e9c9-5540-aba6-f97c2298c93f,21e791bc-0cc1-5238-981e-dda6be358d5d,BILLING,MEDIUM,RESOLVED,2025-08-15T07:53:33+07:00,2025-08-20T07:53:33+07:00,STOCK_UPDATED
1ec1cd7c-c650-5cc7-914a-4fb4d57ffd76,c9e70396-aeea-5eed-b734-3df1ee6604c7,BOOKING_DELAY,MEDIUM,IN_PROGRESS,2025-12-25T00:58:08+07:00,,
0ef9a316-062e-5264-b816-fb72a9227ee4,f5538af8-ba30-5af5-b884-9573de407933,BILLING,LOW,RESOLVED,2026-02-02T02:37:46+07:00,2026-02-03T02:37:46+07:00,BOOKING_RESCHEDULED
6ecdfb4d-6cac-573e-9176-14c88620b8b7,0e51cf18-440a-50a2-8a49-65b3aeda5bc2,BILLING,HIGH,IN_PROGRESS,2026-07-23T03:03:47+07:00,,
c8c77b59-27b4-5d7e-bca9-717d66cc36fe,6efdbdd1-f201-52ad-87ed-cefd6908326f,STAFF_SERVICE,MEDIUM,RESOLVED,2025-12-15T23:44:00+07:00,2025-12-21T23:44:00+07:00,BOOKING_RESCHEDULED
0b0fd75c-abc2-5be0-bf81-3282c7cc41c8,f7324101-6d8b-57cf-813d-f6c18add83e2,BOOKING_DELAY,LOW,RESOLVED,2026-06-08T01:20:48+07:00,2026-06-09T01:20:48+07:00,SERVICE_FOLLOWUP
46fade22-4c67-567f-8218-ebbebd374959,5005c2dc-53e5-572e-9869-7b81fe5284c3,PRODUCT_AVAILABILITY,SEVERE,RESOLVED,2026-07-14T01:47:26+07:00,2026-07-15T01:47:26+07:00,BILLING_ADJUSTED
9e50c53e-bf10-5f7c-80e1-8b6de5525443,108a3837-2643-5439-8c5d-2ec29e10603e,STAFF_SERVICE,MEDIUM,IN_PROGRESS,2025-04-18T18:40:31+07:00,,
8730ccc9-b313-53e7-80d0-68a5d7083b23,daa53d0b-6048-53e7-bf41-66a3f71d8adf,BILLING,MEDIUM,RESOLVED,2025-09-01T10:05:34+07:00,2025-09-03T10:05:34+07:00,BOOKING_RESCHEDULED
05871424-b7ae-59ab-ac8f-55a7a7efd51d,5acc93db-4f7e-5f8b-a50e-aefa6ecb242d,BOOKING_DELAY,LOW,RESOLVED,2026-05-19T04:44:27+07:00,2026-05-24T04:44:27+07:00,SERVICE_FOLLOWUP
9344b2ed-365d-59f2-9119-4c4c6ad1968f,6cc352a7-72fa-52a4-81b1-468ee0301c65,PRODUCT_AVAILABILITY,HIGH,IN_PROGRESS,2026-08-23T11:56:43+07:00,,
efda8030-ef6c-5869-938d-f39cb24cef85,3cb9df8b-6f93-5235-96c3-ae04d661e9ee,STAFF_SERVICE,LOW,RESOLVED,2025-09-29T23:34:39+07:00,2025-09-30T23:34:39+07:00,BILLING_ADJUSTED
ba5fa2da-f97d-5c48-82c9-f59dd8332ac7,b4c867d8-500a-5d02-a48d-d2cae6f8208a,BILLING,MEDIUM,RESOLVED,2026-07-30T11:11:55+07:00,2026-08-06T11:11:55+07:00,BILLING_ADJUSTED
93aff960-cb6d-5891-99d2-671644157eac,2153d66f-a832-5d36-a328-81df182e6822,PRODUCT_AVAILABILITY,LOW,IN_PROGRESS,2025-06-22T19:58:09+07:00,,
